 ,lang,browser,wasm_exec_ms,fps_js,fps_game,tps,bunnies,avg_frame,min_frame,max_frame,heap_mb
 ,Rust,"Chromium",667.30,65,198.05,64.00,10,10.40,1.80,259.20,19.51
 ,Rust,"Chromium",667.30,180,184.23,64.00,188,5.56,3.60,7.70,20.28
 ,Rust,"Chromium",667.30,180,180.78,64.00,368,5.56,4.60,6.40,20.72
 ,Rust,"Chromium",667.30,176,160.18,64.00,544,5.70,0.90,25.30,19.75
 ,Rust,"Chromium",667.30,167,183.33,64.00,710,6.01,2.20,59.30,20.01
 ,Rust,"Chromium",667.30,180,180.22,64.00,890,5.56,4.50,6.70,19.54
 ,Rust,"Chromium",667.30,181,180.15,64.00,1073,5.55,4.80,6.10,19.77
 ,Rust,"Chromium",667.30,180,180.44,64.00,1253,5.56,5.00,6.10,19.98
 ,Rust,"Chromium",667.30,180,180.38,64.00,1432,5.57,1.00,12.70,20.19
 ,Rust,"Chromium",667.30,180,180.51,64.00,1612,5.57,5.10,7.40,19.65
 ,Rust,"Chromium",667.30,180,180.16,64.00,1792,5.56,4.80,6.10,19.85
 ,Rust,"Chromium",667.30,180,180.30,64.00,1971,5.56,4.90,6.30,20.06
 ,Rust,"Chromium",667.30,180,180.15,64.00,2151,5.56,4.50,6.40,20.47
 ,Rust,"Chromium",667.30,180,181.26,64.00,2331,5.56,3.20,9.50,20.06
 ,Rust,"Chromium",667.30,180,180.32,64.00,2511,5.56,1.30,10.30,20.83
 ,Rust,"Chromium",667.30,180,180.32,64.00,2691,5.56,5.20,6.30,21.54
 ,Rust,"Chromium",667.30,180,180.08,64.00,2871,5.56,5.00,6.70,20.98
 ,Rust,"Chromium",667.30,180,184.61,64.00,3053,5.57,4.10,7.10,21.17
 ,Rust,"Chromium",667.30,181,180.10,64.00,3233,5.55,4.70,6.50,21.37
 ,Rust,"Chromium",667.30,180,180.17,64.00,3413,5.56,5.20,6.00,21.58
 ,Rust,"Chromium",667.30,180,180.96,64.00,3592,5.59,4.60,10.10,23.53
 ,Rust,"Chromium",667.30,181,180.61,64.00,3775,5.55,4.20,6.90,22.94
 ,Rust,"Chromium",667.30,180,180.28,64.00,3955,5.56,5.10,6.00,23.47
 ,Rust,"Chromium",667.30,180,180.69,64.00,4135,5.56,4.30,6.80,25.49
 ,Rust,"Chromium",667.30,181,181.23,64.00,4315,5.55,4.70,6.60,24.90
 ,Rust,"Chromium",667.30,180,180.41,64.00,4495,5.56,4.00,7.00,25.10
 ,Rust,"Chromium",667.30,180,179.72,64.00,4675,5.56,5.10,6.30,25.31
 ,Rust,"Chromium",667.30,180,180.29,64.00,4855,5.56,4.00,6.50,25.52
 ,Rust,"Chromium",667.30,181,180.65,64.00,5035,5.55,4.80,6.10,25.74
 ,Rust,"Chromium",667.30,180,180.02,64.00,5217,5.56,5.10,6.80,26.38
 ,Rust,"Chromium",667.30,181,180.65,64.00,5398,5.55,4.40,6.80,26.62
 ,Rust,"Chromium",667.30,180,180.52,64.00,5577,5.56,5.00,7.30,27.26
 ,Rust,"Chromium",667.30,180,180.44,64.00,5757,5.56,4.70,6.60,27.47
 ,Rust,"Chromium",667.30,180,180.11,64.00,5937,5.56,5.00,6.10,27.67
 ,Rust,"Chromium",667.30,180,180.58,64.00,6117,5.56,4.80,6.20,27.08
 ,Rust,"Chromium",667.30,180,180.98,64.00,6297,5.56,4.60,6.70,27.79
 ,Rust,"Chromium",667.30,181,180.34,64.00,6477,5.55,5.00,6.00,29.18
 ,Rust,"Chromium",667.30,180,180.39,64.00,6657,5.56,5.00,6.10,29.39
 ,Rust,"Chromium",667.30,180,180.17,64.00,6837,5.56,4.80,6.90,28.79
 ,Rust,"Chromium",667.30,180,181.06,64.00,7019,5.58,4.10,9.90,28.99
 ,Rust,"Chromium",667.30,180,181.51,64.00,7199,5.56,3.90,6.80,32.01
 ,Rust,"Chromium",667.30,180,180.75,64.00,7379,5.56,4.40,6.70,32.22
 ,Rust,"Chromium",667.30,180,179.94,64.00,7559,5.56,5.00,6.10,31.63
 ,Rust,"Chromium",667.30,180,180.99,64.00,7739,5.56,4.80,6.60,31.84
 ,Rust,"Chromium",667.30,181,180.52,64.00,7919,5.55,4.70,6.30,32.04
 ,Rust,"Chromium",667.30,180,179.53,64.00,8099,5.56,4.80,6.00,32.25
 ,Rust,"Chromium",667.30,181,180.79,64.00,8279,5.55,3.20,7.10,32.97
 ,Rust,"Chromium",667.30,180,180.62,64.00,8459,5.56,4.40,6.40,33.18
 ,Rust,"Chromium",667.30,181,180.88,64.00,8642,5.56,4.80,6.30,33.38
 ,Rust,"Chromium",667.30,180,180.13,64.00,8821,5.56,4.80,6.20,34.28
 ,Rust,"Chromium",667.30,180,181.80,64.00,9001,5.58,4.20,10.40,33.68
 ,Rust,"Chromium",667.30,180,181.27,64.00,9180,5.58,3.30,14.50,33.89
 ,Rust,"Chromium",667.30,180,179.85,64.00,9362,5.56,4.00,6.70,34.09
 ,Rust,"Chromium",667.30,180,179.99,64.00,9542,5.56,5.00,6.10,34.30
 ,Rust,"Chromium",667.30,180,180.24,64.00,9722,5.56,3.90,7.00,33.71
 ,Rust,"Chromium",667.30,181,179.92,64.00,9902,5.55,4.90,6.10,33.91
 ,Rust,"Chromium",667.30,180,180.23,64.00,10082,5.56,3.70,7.70,35.59
 ,Rust,"Chromium",667.30,180,178.11,64.00,10262,5.56,4.30,7.30,35.80
 ,Rust,"Chromium",667.30,181,179.68,64.00,10442,5.56,4.20,6.90,36.01
 ,Rust,"Chromium",667.30,181,180.32,64.00,10625,5.56,4.60,6.20,36.22
 ,Rust,"Chromium",667.30,180,180.83,64.00,10805,5.56,4.50,7.40,35.66
 ,Rust,"Chromium",667.30,180,180.87,64.00,10985,5.56,4.20,6.90,35.88
 ,Rust,"Chromium",667.30,180,180.43,64.00,11165,5.56,4.40,6.90,38.72
 ,Rust,"Chromium",667.30,181,182.44,64.00,11345,5.56,4.20,6.90,39.81
 ,Rust,"Chromium",667.30,181,183.74,64.00,11525,5.55,3.50,7.50,40.10
 ,Rust,"Chromium",667.30,181,181.24,64.00,11708,5.56,3.70,7.50,40.31
 ,Rust,"Chromium",667.30,180,180.57,64.00,11888,5.56,5.00,6.10,40.53
 ,Rust,"Chromium",667.30,180,180.84,64.00,12068,5.56,4.40,6.90,39.94
 ,Rust,"Chromium",667.30,181,181.22,64.00,12248,5.55,4.70,6.60,40.16
 ,Rust,"Chromium",667.30,180,181.28,64.00,12428,5.56,3.90,7.40,40.37
 ,Rust,"Chromium",667.30,180,180.78,64.00,12608,5.56,5.00,6.20,40.58
 ,Rust,"Chromium",667.30,180,181.90,64.00,12788,5.56,4.60,6.90,40.01
 ,Rust,"Chromium",667.30,181,180.11,64.00,12970,5.56,4.60,6.20,40.23
 ,Rust,"Chromium",667.30,180,180.25,64.00,13150,5.56,4.50,6.80,40.44
 ,Rust,"Chromium",667.30,181,180.61,64.00,13330,5.55,4.40,6.40,40.66
 ,Rust,"Chromium",667.30,181,180.41,64.00,13510,5.55,4.90,6.60,40.07
 ,Rust,"Chromium",667.30,180,180.88,64.00,13690,5.56,4.90,6.20,40.29
 ,Rust,"Chromium",667.30,181,181.32,64.00,13873,5.56,4.30,7.10,40.50
 ,Rust,"Chromium",667.30,180,181.71,64.00,14053,5.56,4.50,7.00,39.92
 ,Rust,"Chromium",667.30,181,181.28,64.00,14233,5.55,4.50,7.10,40.13
 ,Rust,"Chromium",667.30,180,182.47,64.00,14413,5.56,4.50,8.80,45.91
 ,Rust,"Chromium",667.30,180,181.43,64.00,14593,5.56,4.50,7.80,46.12
 ,Rust,"Chromium",667.30,180,182.49,64.00,14772,5.56,4.50,9.00,45.44
 ,Rust,"Chromium",667.30,181,181.67,64.00,14953,5.55,4.60,7.30,45.65
 ,Rust,"Chromium",667.30,180,182.06,64.00,15133,5.56,4.60,7.40,45.87
 ,Rust,"Chromium",667.30,180,180.51,64.00,15313,5.56,4.60,6.60,46.08
 ,Rust,"Chromium",667.30,180,182.23,64.00,15493,5.56,4.70,8.10,45.50
 ,Rust,"Chromium",667.30,181,181.25,64.00,15676,5.56,4.70,7.30,45.71
 ,Rust,"Chromium",667.30,180,181.36,64.00,15856,5.56,4.80,7.30,45.92
 ,Rust,"Chromium",667.30,181,181.17,64.00,16036,5.55,4.80,6.90,46.14
 ,Rust,"Chromium",667.30,179,180.72,64.00,16214,5.60,4.90,12.50,45.55
 ,Rust,"Chromium",667.30,180,181.43,64.00,16394,5.57,4.90,7.30,45.76
 ,Rust,"Chromium",667.30,180,179.94,64.00,16575,5.58,4.90,7.20,45.98
 ,Rust,"Chromium",667.30,180,180.43,64.00,16755,5.56,4.90,7.60,46.19
 ,Rust,"Chromium",667.30,180,178.62,64.00,16935,5.58,5.00,7.60,45.60
 ,Rust,"Chromium",667.30,181,179.96,64.00,17115,5.54,5.10,7.10,45.82
 ,Rust,"Chromium",667.30,181,181.18,64.00,17298,5.55,5.10,7.20,46.03
 ,Rust,"Chromium",667.30,180,180.61,64.00,17478,5.57,5.10,9.50,46.86
 ,Rust,"Chromium",667.30,181,180.42,64.00,17658,5.55,5.20,6.40,47.08
 ,Rust,"Chromium",667.30,178,177.59,64.00,17835,5.65,5.20,7.50,47.29
 ,Rust,"Chromium",667.30,179,179.63,64.00,18016,5.61,5.30,6.60,47.50
 ,Rust,"Chromium",667.30,179,176.47,64.00,18194,5.61,5.30,7.20,46.87
 ,Rust,"Chromium",667.30,177,176.79,64.00,18371,5.66,5.40,6.70,47.08
 ,Rust,"Chromium",667.30,175,176.68,64.00,18546,5.71,5.40,6.80,47.29
 ,Rust,"Chromium",667.30,175,173.96,64.00,18721,5.71,5.50,6.70,47.49
 ,Rust,"Chromium",667.30,174,173.44,64.00,18894,5.78,5.50,6.80,46.89
 ,Rust,"Chromium",667.30,171,168.11,64.00,19065,5.86,5.50,6.60,47.09
 ,Rust,"Chromium",667.30,169,168.85,64.00,19236,5.94,5.60,7.00,47.29
 ,Rust,"Chromium",667.30,166,157.06,64.00,19401,6.06,5.70,8.70,47.49
 ,Rust,"Chromium",667.30,163,164.44,64.00,19564,6.14,5.70,9.70,48.36
 ,Rust,"Chromium",667.30,167,165.72,64.00,19730,6.01,5.70,6.70,48.55
 ,Rust,"Chromium",667.30,164,157.54,64.00,19895,6.11,5.80,7.70,48.75
 ,Rust,"Chromium",667.30,163,163.71,64.00,20059,6.17,5.80,6.80,48.94
 ,Rust,"Chromium",667.30,162,161.10,64.00,20220,6.19,5.90,7.80,55.39
 ,Rust,"Chromium",667.30,158,159.25,64.00,20378,6.33,6.00,10.10,56.23
 ,Rust,"Chromium",667.30,160,160.09,64.00,20538,6.26,6.00,6.60,56.42
 ,Rust,"Chromium",667.30,159,158.30,64.00,20696,6.31,6.00,6.90,56.61
 ,Rust,"Chromium",667.30,158,155.65,64.00,20856,6.37,6.10,7.90,56.80
 ,Rust,"Chromium",667.30,152,154.09,64.00,21008,6.59,6.10,10.20,56.31
 ,Rust,"Chromium",667.30,154,155.84,64.00,21162,6.50,6.10,7.60,56.49
 ,Rust,"Chromium",667.30,152,152.66,64.00,21313,6.61,6.20,9.60,56.67
 ,Rust,"Chromium",667.30,153,153.14,64.00,21467,6.57,6.20,7.50,56.86
 ,Rust,"Chromium",667.30,151,150.64,64.00,21618,6.64,6.30,8.60,56.23
 ,Rust,"Chromium",667.30,152,152.20,64.00,21770,6.59,6.30,7.00,56.41
 ,Rust,"Chromium",667.30,152,151.05,64.00,21921,6.61,6.30,7.00,56.59
 ,Rust,"Chromium",667.30,151,149.98,64.00,22072,6.62,6.30,7.10,56.77
 ,Rust,"Chromium",667.30,150,149.03,64.00,22221,6.70,6.40,7.20,56.95
 ,Rust,"Chromium",667.30,148,147.99,64.00,22371,6.78,6.40,8.00,56.30
 ,Rust,"Chromium",667.30,148,148.04,64.00,22519,6.78,6.50,7.10,56.48
 ,Rust,"Chromium",667.30,147,146.31,64.00,22666,6.81,6.50,7.20,56.65
 ,Rust,"Chromium",667.30,145,145.18,64.00,22810,6.93,6.60,10.60,58.57
 ,Rust,"Chromium",667.30,143,145.51,64.00,22953,7.00,6.60,9.80,58.74
 ,Rust,"Chromium",667.30,142,142.00,64.00,23096,7.09,6.70,11.60,58.07
 ,Rust,"Chromium",667.30,142,140.92,64.00,23238,7.05,6.70,8.60,58.24
 ,Rust,"Chromium",667.30,142,140.34,64.00,23379,7.07,6.80,7.50,58.41
 ,Rust,"Chromium",667.30,140,142.34,64.00,23519,7.17,6.70,10.70,58.58
 ,Rust,"Chromium",667.30,138,138.82,64.00,23658,7.28,6.80,8.80,58.74
 ,Rust,"Chromium",667.30,140,138.87,64.00,23798,7.19,6.90,7.70,58.00
 ,Rust,"Chromium",667.30,139,137.99,64.00,23936,7.23,6.90,7.60,58.17
 ,Rust,"Chromium",667.30,137,136.06,64.00,24073,7.30,7.00,8.10,58.33
 ,Rust,"Chromium",667.30,138,137.23,64.00,24212,7.29,6.90,7.70,58.49
 ,Rust,"Chromium",667.30,135,135.27,64.00,24347,7.42,7.00,9.70,58.65
 ,Rust,"Chromium",667.30,136,130.18,64.00,24482,7.41,7.00,8.80,58.01
 ,Rust,"Chromium",667.30,131,133.06,64.00,24612,7.66,7.10,10.20,58.16
 ,Rust,"Chromium",667.30,134,133.20,64.00,24748,7.49,7.10,9.80,58.32
 ,Rust,"Chromium",667.30,134,132.33,64.00,24881,7.52,7.10,8.80,58.48
 ,Rust,"Chromium",667.30,133,132.48,64.00,25014,7.52,7.20,8.00,58.63
 ,Rust,"Chromium",667.30,133,131.80,64.00,25148,7.57,7.20,8.00,58.79
 ,Rust,"Chromium",667.30,131,130.94,64.00,25279,7.66,7.30,8.30,57.99
 ,Rust,"Chromium",667.30,132,130.88,64.00,25410,7.61,7.30,8.00,58.15
 ,Rust,"Chromium",667.30,131,130.36,64.00,25541,7.65,7.30,8.00,58.30
 ,Rust,"Chromium",667.30,130,129.87,64.00,25671,7.71,7.40,8.10,58.45
 ,Rust,"Chromium",667.30,130,129.55,64.00,25801,7.71,7.30,8.10,58.61
 ,Rust,"Chromium",667.30,130,128.96,64.00,25932,7.74,7.40,8.10,58.76
 ,Rust,"Chromium",667.30,129,128.38,64.00,26060,7.77,7.40,8.10,57.92
 ,Rust,"Chromium",667.30,128,127.40,64.00,26188,7.83,7.50,8.50,58.07
 ,Rust,"Chromium",667.30,128,126.39,64.00,26317,7.87,7.60,8.70,58.22
 ,Rust,"Chromium",667.30,127,126.97,64.00,26444,7.90,7.60,8.90,58.37
 ,Rust,"Chromium",667.30,127,125.78,64.00,26570,7.92,7.50,8.30,58.52
 ,Rust,"Chromium",667.30,126,124.78,64.00,26696,7.96,7.60,8.40,58.67
 ,Rust,"Chromium",667.30,125,124.88,64.00,26821,8.01,7.60,8.40,58.02
 ,Rust,"Chromium",667.30,125,124.44,64.00,26947,8.03,7.70,8.40,58.16
 ,Rust,"Chromium",667.30,124,123.77,64.00,27071,8.07,7.80,8.40,58.31
 ,Rust,"Chromium",667.30,124,123.52,64.00,27195,8.10,7.70,8.50,58.46
 ,Rust,"Chromium",667.30,123,122.86,64.00,27318,8.13,7.80,8.40,58.60
 ,Rust,"Chromium",667.30,123,122.49,64.00,27440,8.17,7.80,8.60,57.93
 ,Rust,"Chromium",667.30,123,121.78,64.00,27564,8.19,7.90,8.50,58.08
 ,Rust,"Chromium",667.30,121,120.48,64.00,27685,8.27,7.90,8.60,58.22
 ,Rust,"Chromium",667.30,120,121.61,64.00,27805,8.35,7.80,11.00,58.00
 ,Rust,"Chromium",667.30,120,116.71,64.00,27925,8.36,7.90,10.70,58.14
 ,Rust,"Chromium",667.30,119,118.12,64.00,28043,8.42,8.00,9.30,58.28
 ,Rust,"Chromium",667.30,118,117.11,64.00,28161,8.50,8.20,9.20,58.42
 ,Rust,"Chromium",667.30,119,118.81,64.00,28281,8.44,8.00,9.20,58.56
 ,Rust,"Chromium",667.30,119,117.90,64.00,28400,8.44,8.10,9.00,58.70
 ,Rust,"Chromium",667.30,118,117.75,64.00,28518,8.48,8.10,9.00,58.04
 ,Rust,"Chromium",667.30,118,117.46,64.00,28635,8.51,8.20,8.90,58.18
 ,Rust,"Chromium",667.30,114,113.59,64.00,28749,8.78,8.20,16.50,69.15
 ,Rust,"Chromium",667.30,114,112.87,64.00,28864,8.85,8.50,9.30,69.29
 ,Rust,"Chromium",667.30,113,112.63,64.00,28976,8.89,8.50,9.20,69.42
 ,Rust,"Chromium",667.30,113,112.05,64.00,29090,8.91,8.50,9.30,69.55
 ,Rust,"Chromium",667.30,112,111.67,64.00,29202,8.95,8.60,9.30,69.69
 ,Rust,"Chromium",667.30,112,111.59,64.00,29314,8.94,8.60,9.30,69.82
 ,Rust,"Chromium",667.30,111,110.74,64.00,29425,9.01,8.60,9.60,69.09
 ,Rust,"Chromium",667.30,111,110.50,64.00,29536,9.02,8.60,9.40,69.22
 ,Rust,"Chromium",667.30,111,109.96,64.00,29646,9.07,8.70,9.40,69.36
 ,Rust,"Chromium",667.30,110,109.61,64.00,29756,9.11,8.70,10.30,69.49
 ,Rust,"Chromium",667.30,110,109.42,64.00,29867,9.14,8.80,9.50,69.62
 ,Rust,"Chromium",667.30,110,109.68,64.00,29976,9.13,8.70,10.00,69.75
 ,Rust,"Chromium",667.30,110,109.37,64.00,30087,9.16,8.80,9.50,69.88
 ,Rust,"Chromium",667.30,109,107.82,64.00,30196,9.23,8.80,9.60,70.01
 ,Rust,"Chromium",667.30,108,107.62,64.00,30304,9.27,8.90,9.80,69.14
 ,Rust,"Chromium",667.30,108,107.24,64.00,30411,9.30,8.90,9.60,69.27
 ,Rust,"Chromium",667.30,107,106.73,64.00,30518,9.35,8.90,10.60,69.40
 ,Rust,"Chromium",667.30,107,107.04,64.00,30625,9.35,9.00,9.70,69.53
 ,Rust,"Chromium",667.30,107,105.54,64.00,30733,9.42,9.00,9.70,69.66
 ,Rust,"Chromium",667.30,107,105.87,64.00,30839,9.43,9.00,9.70,69.78
 ,Rust,"Chromium",667.30,106,105.28,64.00,30946,9.47,9.10,9.80,69.91
 ,Rust,"Chromium",667.30,106,105.51,64.00,31051,9.49,9.00,10.00,69.11
 ,Rust,"Chromium",667.30,106,105.20,64.00,31158,9.51,9.00,9.90,69.23
 ,Rust,"Chromium",667.30,105,104.26,64.00,31263,9.57,9.20,9.90,69.36
 ,Rust,"Chromium",667.30,105,104.54,64.00,31367,9.58,9.20,9.90,69.48
 ,Rust,"Chromium",667.30,105,103.68,64.00,31473,9.60,9.10,9.90,69.61
 ,Rust,"Chromium",667.30,105,104.61,64.00,31577,9.60,9.20,9.90,69.73
 ,Rust,"Chromium",667.30,104,103.89,64.00,31682,9.65,9.20,10.00,69.85
 ,Rust,"Chromium",667.30,104,103.22,64.00,31786,9.66,9.20,10.40,69.98
 ,Rust,"Chromium",667.30,103,102.56,64.00,31889,9.73,9.30,10.20,69.18
 ,Rust,"Chromium",667.30,103,103.19,64.00,31991,9.73,9.30,10.20,69.30
 ,Rust,"Chromium",667.30,103,102.77,64.00,32094,9.74,9.40,10.10,69.42
 ,Rust,"Chromium",667.30,103,102.62,64.00,32198,9.77,9.30,10.10,69.55
 ,Rust,"Chromium",667.30,102,101.34,64.00,32300,9.85,9.40,10.20,69.67
 ,Rust,"Chromium",667.30,102,100.77,64.00,32402,9.89,9.40,10.20,69.79
 ,Rust,"Chromium",667.30,101,100.87,64.00,32503,9.92,9.50,10.20,69.09
 ,Rust,"Chromium",667.30,101,100.13,64.00,32604,9.95,9.50,10.30,69.21
 ,Rust,"Chromium",667.30,101,100.41,64.00,32705,9.98,9.50,10.40,69.33
 ,Rust,"Chromium",667.30,98,96.93,64.00,32803,10.21,9.60,15.30,79.28
 ,Rust,"Chromium",667.30,100,99.16,64.00,32902,10.09,9.70,10.40,79.40
 ,Rust,"Chromium",667.30,99,99.02,64.00,33001,10.11,9.70,10.50,79.52
 ,Rust,"Chromium",667.30,99,98.83,64.00,33100,10.14,9.70,10.40,79.64
 ,Rust,"Chromium",667.30,98,98.22,64.00,33198,10.21,9.80,10.50,79.75
 ,Rust,"Chromium",667.30,98,97.76,64.00,33297,10.26,9.80,10.50,79.87
 ,Rust,"Chromium",667.30,98,97.71,64.00,33395,10.26,9.80,10.60,79.99
 ,Rust,"Chromium",667.30,97,96.80,64.00,33491,10.32,9.90,10.80,79.30
 ,Rust,"Chromium",667.30,98,96.73,64.00,33590,10.31,9.80,10.70,79.41
 ,Rust,"Chromium",667.30,97,97.08,64.00,33687,10.34,9.90,10.60,79.53
 ,Rust,"Chromium",667.30,97,96.50,64.00,33784,10.39,9.90,10.70,79.64
 ,Rust,"Chromium",667.30,97,96.11,64.00,33881,10.40,10.00,10.70,79.76
 ,Rust,"Chromium",667.30,96,95.46,64.00,33976,10.45,10.00,11.80,79.87
 ,Rust,"Chromium",667.30,96,95.77,64.00,34072,10.44,10.00,11.30,79.99
 ,Rust,"Chromium",667.30,96,95.01,64.00,34169,10.51,10.00,11.00,79.29
 ,Rust,"Chromium",667.30,96,95.57,64.00,34265,10.50,10.10,10.80,79.40
 ,Rust,"Chromium",667.30,96,94.90,64.00,34361,10.50,10.00,10.80,79.52
 ,Rust,"Chromium",667.30,95,94.60,64.00,34456,10.53,10.10,10.80,79.63
 ,Rust,"Chromium",667.30,95,94.47,64.00,34550,10.56,10.10,11.00,79.74
 ,Rust,"Chromium",667.30,94,93.82,64.00,34644,10.66,10.10,11.00,79.85
 ,Rust,"Chromium",667.30,94,93.57,64.00,34739,10.67,10.20,11.00,79.97
 ,Rust,"Chromium",667.30,94,93.67,64.00,34833,10.65,10.20,11.20,79.27
 ,Rust,"Chromium",667.30,94,93.19,64.00,34927,10.68,10.20,11.00,79.39
 ,Rust,"Chromium",667.30,94,93.46,64.00,35020,10.71,10.20,11.00,79.50
 ,Rust,"Chromium",667.30,94,92.85,64.00,35115,10.74,10.20,11.10,79.61
 ,Rust,"Chromium",667.30,94,93.16,64.00,35209,10.76,10.30,11.10,79.72
 ,Rust,"Chromium",667.30,93,92.44,64.00,35302,10.79,10.30,11.10,79.83
 ,Rust,"Chromium",667.30,93,93.40,64.00,35394,10.83,10.30,12.00,79.94
 ,Rust,"Chromium",667.30,93,92.94,64.00,35488,10.79,10.20,11.20,80.05
 ,Rust,"Chromium",667.30,93,92.38,64.00,35581,10.81,10.30,11.20,79.36
 ,Rust,"Chromium",667.30,93,92.46,64.00,35673,10.80,10.30,11.30,79.47
 ,Rust,"Chromium",667.30,93,92.47,64.00,35767,10.83,10.30,11.20,79.58
 ,Rust,"Chromium",667.30,92,91.86,64.00,35859,10.87,10.30,11.20,79.69
 ,Rust,"Chromium",667.30,92,91.48,64.00,35951,10.91,10.40,11.30,79.80
 ,Rust,"Chromium",667.30,92,91.75,64.00,36042,10.93,10.30,11.60,79.91
 ,Rust,"Chromium",667.30,92,91.61,64.00,36135,10.94,10.50,11.30,80.02
 ,Rust,"Chromium",667.30,92,90.84,64.00,36226,10.98,10.40,11.50,80.13
 ,Rust,"Chromium",667.30,91,90.64,64.00,36318,11.06,10.50,11.90,79.32
 ,Rust,"Chromium",667.30,91,90.39,64.00,36409,11.05,10.50,11.40,79.43
 ,Rust,"Chromium",667.30,91,90.26,64.00,36500,11.09,10.50,11.40,79.53
 ,Rust,"Chromium",667.30,91,90.58,64.00,36590,11.10,10.50,12.50,79.64
 ,Rust,"Chromium",667.30,90,89.88,64.00,36680,11.12,10.60,11.60,79.75
 ,Rust,"Chromium",667.30,90,89.55,64.00,36771,11.17,10.70,11.60,79.86
 ,Rust,"Chromium",667.30,90,89.51,64.00,36860,11.19,10.60,11.60,79.97
 ,Rust,"Chromium",667.30,90,89.51,64.00,36951,11.17,10.70,11.50,80.08
 ,Rust,"Chromium",667.30,89,89.31,64.00,37039,11.31,10.70,18.50,92.65
 ,Rust,"Chromium",667.30,89,88.85,64.00,37129,11.28,10.70,12.90,92.75
 ,Rust,"Chromium",667.30,89,88.80,64.00,37218,11.31,10.80,11.90,92.86
 ,Rust,"Chromium",667.30,89,88.87,64.00,37307,11.29,10.70,11.60,92.97
 ,Rust,"Chromium",667.30,89,87.97,64.00,37395,11.32,10.80,11.70,93.07
 ,Rust,"Chromium",667.30,89,87.89,64.00,37485,11.35,10.80,11.70,93.18
 ,Rust,"Chromium",667.30,88,87.94,64.00,37573,11.38,10.80,11.80,93.28
 ,Rust,"Chromium",667.30,88,87.71,64.00,37660,11.40,10.90,11.70,93.39
 ,Rust,"Chromium",667.30,88,87.58,64.00,37749,11.45,10.90,13.10,92.67
 ,Rust,"Chromium",667.30,88,87.24,64.00,37836,11.46,11.00,11.80,92.78
 ,Rust,"Chromium",667.30,88,87.33,64.00,37925,11.47,10.90,11.90,92.89
 ,Rust,"Chromium",667.30,88,86.95,64.00,38013,11.49,10.90,11.90,92.99
 ,Rust,"Chromium",667.30,87,86.77,64.00,38100,11.53,11.00,11.90,93.09
 ,Rust,"Chromium",667.30,87,86.10,64.00,38186,11.60,11.00,12.00,93.20
 ,Rust,"Chromium",667.30,87,85.99,64.00,38274,11.63,10.90,12.00,93.30
 ,Rust,"Chromium",667.30,86,86.16,64.00,38360,11.63,11.10,12.00,93.40
 ,Rust,"Chromium",667.30,87,86.40,64.00,38447,11.62,11.00,11.90,93.51
 ,Rust,"Chromium",667.30,86,85.60,64.00,38533,11.66,11.10,12.10,92.74
 ,Rust,"Chromium",667.30,86,85.70,64.00,38618,11.68,11.10,12.50,92.85
 ,Rust,"Chromium",667.30,86,85.74,64.00,38705,11.70,11.10,12.00,92.95
 ,Rust,"Chromium",667.30,86,84.68,64.00,38791,11.73,11.10,12.10,93.05
 ,Rust,"Chromium",667.30,85,85.02,64.00,38875,11.78,11.10,12.20,93.15
 ,Rust,"Chromium",667.30,85,84.84,64.00,38961,11.83,11.20,12.20,93.25
 ,Rust,"Chromium",667.30,85,84.89,64.00,39046,11.81,11.20,12.10,93.35
 ,Rust,"Chromium",667.30,85,84.50,64.00,39130,11.84,11.30,12.20,93.46
 ,Rust,"Chromium",667.30,85,84.63,64.00,39216,11.87,11.20,12.20,93.56
 ,Rust,"Chromium",667.30,84,84.05,64.00,39300,11.92,11.30,12.40,92.66
 ,Rust,"Chromium",667.30,84,83.40,64.00,39384,11.94,11.30,12.30,92.76
 ,Rust,"Chromium",667.30,84,83.65,64.00,39468,11.97,11.40,12.40,92.86
 ,Rust,"Chromium",667.30,84,83.76,64.00,39552,11.95,11.40,12.30,92.96
 ,Rust,"Chromium",667.30,84,84.01,64.00,39636,11.95,11.40,12.30,93.06
 ,Rust,"Chromium",667.30,84,83.33,64.00,39719,11.97,11.30,12.30,93.16
 ,Rust,"Chromium",667.30,83,82.58,64.00,39802,12.06,11.50,12.50,93.26
 ,Rust,"Chromium",667.30,83,82.22,64.00,39886,12.11,11.50,12.50,93.36
 ,Rust,"Chromium",667.30,83,82.55,64.00,39968,12.17,11.50,12.60,93.46
 ,Rust,"Chromium",667.30,83,82.05,64.00,40052,12.18,11.60,12.90,93.56
 ,Rust,"Chromium",667.30,83,82.14,64.00,40135,12.17,11.60,12.70,92.66
 ,Rust,"Chromium",667.30,83,82.12,64.00,40217,12.17,11.60,12.50,92.76
 ,Rust,"Chromium",667.30,82,82.08,64.00,40299,12.20,11.50,12.50,92.86
 ,Rust,"Chromium",667.30,82,81.90,64.00,40382,12.28,11.60,12.60,92.96
 ,Rust,"Chromium",667.30,82,81.31,64.00,40464,12.27,11.60,12.60,93.06
 ,Rust,"Chromium",667.30,82,81.35,64.00,40546,12.33,11.80,12.70,93.16
 ,Rust,"Chromium",667.30,82,81.07,64.00,40628,12.34,11.80,12.70,93.26
 ,Rust,"Chromium",667.30,81,81.02,64.00,40709,12.36,11.80,12.70,93.35
 ,Rust,"Chromium",667.30,82,80.93,64.00,40791,12.34,11.70,12.60,93.45
 ,Rust,"Chromium",667.30,81,80.85,64.00,40872,12.37,11.70,12.70,93.54
 ,Rust,"Chromium",667.30,81,80.94,64.00,40953,12.39,11.80,12.70,93.64
 ,Rust,"Chromium",667.30,80,80.12,64.00,41033,12.53,12.00,13.90,92.74
 ,Rust,"Chromium",667.30,80,79.60,64.00,41113,12.54,12.00,12.90,92.83
 ,Rust,"Chromium",667.30,80,79.49,64.00,41193,12.58,12.10,12.90,92.93
 ,Rust,"Chromium",667.30,80,79.99,64.00,41273,12.55,12.00,13.00,93.02
 ,Rust,"Chromium",667.30,80,79.41,64.00,41353,12.56,12.00,12.90,93.12
 ,Rust,"Chromium",667.30,80,79.58,64.00,41433,12.59,12.00,12.90,93.21
 ,Rust,"Chromium",667.30,80,78.99,64.00,41513,12.60,12.00,12.90,93.31
 ,Rust,"Chromium",667.30,80,79.52,64.00,41593,12.65,12.00,13.00,93.40
 ,Rust,"Chromium",667.30,79,76.68,64.00,41672,12.78,12.10,16.30,92.66
 ,Rust,"Chromium",667.30,79,78.97,64.00,41751,12.70,12.10,14.30,92.75
 ,Rust,"Chromium",667.30,79,78.28,64.00,41830,12.76,12.00,15.70,92.85
 ,Rust,"Chromium",667.30,79,78.30,64.00,41909,12.77,12.20,13.00,92.94
 ,Rust,"Chromium",667.30,79,78.12,64.00,41988,12.80,12.20,13.10,93.04
 ,Rust,"Chromium",667.30,79,78.51,64.00,42067,12.77,12.10,13.10,93.13
 ,Rust,"Chromium",667.30,78,77.97,64.00,42145,12.83,12.20,13.10,93.22
 ,Rust,"Chromium",667.30,78,77.69,64.00,42222,12.85,12.20,13.10,93.31
 ,Rust,"Chromium",667.30,78,77.38,64.00,42301,12.90,12.20,13.20,93.41
 ,Rust,"Chromium",667.30,78,77.08,64.00,42379,12.94,12.30,13.40,93.50
 ,Rust,"Chromium",667.30,78,77.39,64.00,42457,12.97,12.30,13.30,93.59
 ,Rust,"Chromium",667.30,78,77.34,64.00,42535,12.95,12.30,13.50,92.74
 ,Rust,"Chromium",667.30,77,76.87,64.00,42612,12.99,12.30,13.30,92.83
 ,Rust,"Chromium",667.30,77,76.79,64.00,42689,13.03,12.40,13.30,92.92
 ,Rust,"Chromium",667.30,77,77.18,64.00,42766,13.02,12.40,13.40,93.01
 ,Rust,"Chromium",667.30,77,76.32,64.00,42843,13.01,12.30,13.30,93.11
 ,Rust,"Chromium",667.30,77,76.39,64.00,42920,13.11,12.50,13.40,93.20
 ,Rust,"Chromium",667.30,77,76.42,64.00,42997,13.07,12.40,13.50,93.29
 ,Rust,"Chromium",667.30,77,76.09,64.00,43074,13.14,12.50,13.40,93.38
 ,Rust,"Chromium",667.30,76,76.63,64.00,43150,13.17,12.40,15.80,93.47
 ,Rust,"Chromium",667.30,77,75.84,64.00,43227,13.16,12.50,13.50,92.70
 ,Rust,"Chromium",667.30,76,75.80,64.00,43303,13.31,12.60,17.80,96.01
 ,Rust,"Chromium",667.30,76,75.89,64.00,43379,13.17,12.60,13.40,96.10
 ,Rust,"Chromium",667.30,76,75.13,64.00,43455,13.25,12.60,13.60,96.19
 ,Rust,"Chromium",667.30,76,75.31,64.00,43531,13.28,12.60,13.60,96.29
 ,Rust,"Chromium",667.30,76,75.15,64.00,43607,13.27,12.70,13.70,96.38
 ,Rust,"Chromium",667.30,76,75.54,64.00,43683,13.29,12.60,13.60,96.47
 ,Rust,"Chromium",667.30,76,75.14,64.00,43758,13.26,12.60,13.60,96.56
 ,Rust,"Chromium",667.30,76,75.25,64.00,43835,13.28,12.60,13.70,96.65
 ,Rust,"Chromium",667.30,76,75.12,64.00,43910,13.26,12.60,13.70,96.74
 ,Rust,"Chromium",667.30,76,75.11,64.00,43987,13.31,12.60,13.70,96.83
 ,Rust,"Chromium",667.30,75,74.22,64.00,44062,13.43,12.80,13.80,96.92
 ,Rust,"Chromium",667.30,75,74.93,64.00,44137,13.39,12.80,13.70,96.05
 ,Rust,"Chromium",667.30,75,74.23,64.00,44212,13.41,12.70,13.80,96.14
 ,Rust,"Chromium",667.30,75,74.31,64.00,44287,13.47,12.80,13.80,96.23
 ,Rust,"Chromium",667.30,75,74.09,64.00,44362,13.51,12.90,13.90,96.32
 ,Rust,"Chromium",667.30,74,74.00,64.00,44436,13.52,12.80,13.80,96.41
 ,Rust,"Chromium",667.30,74,74.05,64.00,44510,13.54,12.90,13.90,96.50
 ,Rust,"Chromium",667.30,74,73.34,64.00,44584,13.57,12.70,14.00,96.59
 ,Rust,"Chromium",667.30,74,73.43,64.00,44658,13.61,12.90,13.90,96.67
 ,Rust,"Chromium",667.30,74,74.01,64.00,44732,13.59,12.90,15.20,96.76
 ,Rust,"Chromium",667.30,74,73.99,64.00,44806,13.52,12.80,13.80,96.85
 ,Rust,"Chromium",667.30,74,73.32,64.00,44880,13.62,12.90,14.00,96.00
 ,Rust,"Chromium",667.30,74,73.57,64.00,44954,13.64,13.00,13.90,96.09
 ,Rust,"Chromium",667.30,73,72.70,64.00,45027,13.72,13.00,14.10,96.17
 ,Rust,"Chromium",667.30,73,72.84,64.00,45100,13.72,13.00,14.30,96.26
 ,Rust,"Chromium",667.30,73,72.40,64.00,45173,13.76,13.00,14.20,96.35
 ,Rust,"Chromium",667.30,73,72.61,64.00,45246,13.78,13.10,14.10,96.44
 ,Rust,"Chromium",667.30,73,72.27,64.00,45318,13.80,13.10,14.60,96.52
 ,Rust,"Chromium",667.30,73,72.60,64.00,45392,13.76,13.10,14.10,96.61
 ,Rust,"Chromium",667.30,73,72.53,64.00,45465,13.79,13.20,14.10,96.70
 ,Rust,"Chromium",667.30,73,71.99,64.00,45538,13.88,13.30,14.10,96.78
 ,Rust,"Chromium",667.30,72,72.04,64.00,45610,13.91,13.20,14.30,96.05
 ,Rust,"Chromium",667.30,72,72.05,64.00,45682,13.94,13.20,14.40,96.14
 ,Rust,"Chromium",667.30,72,71.63,64.00,45754,13.98,13.30,14.50,96.22
 ,Rust,"Chromium",667.30,72,71.54,64.00,45826,13.95,13.30,14.30,96.31
 ,Rust,"Chromium",667.30,72,71.73,64.00,45898,13.96,13.30,14.30,96.39
 ,Rust,"Chromium",667.30,72,71.20,64.00,45970,14.04,13.40,14.30,96.48
 ,Rust,"Chromium",667.30,72,71.30,64.00,46042,14.01,13.40,14.50,96.57
 ,Rust,"Chromium",667.30,72,71.63,64.00,46114,13.99,13.30,14.60,96.65
 ,Rust,"Chromium",667.30,72,71.04,64.00,46186,14.08,13.40,14.30,96.74
 ,Rust,"Chromium",667.30,71,71.20,64.00,46257,14.11,13.30,15.50,96.02
 ,Rust,"Chromium",667.30,72,71.05,64.00,46329,14.08,13.50,14.40,96.10
 ,Rust,"Chromium",667.30,71,71.34,64.00,46400,14.10,13.30,14.80,96.19
 ,Rust,"Chromium",667.30,71,70.84,64.00,46471,14.11,13.30,14.30,96.27
 ,Rust,"Chromium",667.30,71,71.52,64.00,46542,14.12,13.40,15.30,96.36
 ,Rust,"Chromium",667.30,71,70.13,64.00,46613,14.24,13.50,14.70,96.44
 ,Rust,"Chromium",667.30,71,70.11,64.00,46684,14.27,13.60,14.60,96.53
 ,Rust,"Chromium",667.30,71,69.97,64.00,46755,14.27,13.60,14.50,96.61
 ,Rust,"Chromium",667.30,70,69.88,64.00,46825,14.30,13.60,14.60,96.70
 ,Rust,"Chromium",667.30,70,69.82,64.00,46895,14.33,13.70,14.60,96.78
 ,Rust,"Chromium",667.30,70,70.07,64.00,46965,14.33,13.60,14.70,96.86
 ,Rust,"Chromium",667.30,70,69.34,64.00,47034,14.37,13.50,14.90,95.98
 ,Rust,"Chromium",667.30,70,69.35,64.00,47105,14.39,13.70,14.70,96.07
 ,Rust,"Chromium",667.30,70,69.16,64.00,47174,14.42,13.70,15.10,96.15
 ,Rust,"Chromium",667.30,70,68.71,64.00,47245,14.46,13.80,15.10,96.24
 ,Rust,"Chromium",667.30,69,68.69,64.00,47314,14.56,13.80,15.40,96.32
 ,Rust,"Chromium",667.30,70,69.37,64.00,47384,14.47,13.80,14.70,96.40
 ,Rust,"Chromium",667.30,70,69.70,64.00,47454,14.49,13.70,14.80,96.49
 ,Rust,"Chromium",667.30,69,69.24,64.00,47523,14.50,13.70,14.70,96.57
 ,Rust,"Chromium",667.30,69,69.01,64.00,47591,14.53,13.80,14.70,96.65
 ,Rust,"Chromium",667.30,69,68.74,64.00,47661,14.52,13.70,14.90,96.73
 ,Rust,"Chromium",667.30,69,68.80,64.00,47730,14.52,13.90,14.70,96.82
 ,Rust,"Chromium",667.30,69,68.53,64.00,47799,14.61,13.80,14.80,96.90
 ,Rust,"Chromium",667.30,69,68.05,64.00,47868,14.64,13.90,15.10,95.98
 ,Rust,"Chromium",667.30,69,68.02,64.00,47937,14.69,13.90,14.90,96.07
 ,Rust,"Chromium",667.30,69,68.28,64.00,48006,14.65,13.90,14.90,96.15
 ,Rust,"Chromium",667.30,69,68.19,64.00,48075,14.68,13.80,14.90,96.23
 ,Rust,"Chromium",667.30,68,65.83,64.00,48143,14.86,14.00,18.90,95.98
 ,Rust,"Chromium",667.30,68,67.66,64.00,48211,14.91,14.20,16.90,96.06
 ,Rust,"Chromium",667.30,68,67.69,64.00,48279,14.75,14.10,14.90,96.15
 ,Rust,"Chromium",667.30,68,67.81,64.00,48347,14.78,14.10,15.00,96.23
 ,Rust,"Chromium",667.30,68,67.71,64.00,48415,14.79,14.10,15.10,96.31
 ,Rust,"Chromium",667.30,68,67.51,64.00,48483,14.82,14.10,15.10,96.39
 ,Rust,"Chromium",667.30,68,67.58,64.00,48551,14.85,14.20,15.20,96.47
 ,Rust,"Chromium",667.30,68,67.12,64.00,48619,14.91,14.20,15.20,96.56
 ,Rust,"Chromium",667.30,68,67.17,64.00,48686,14.88,14.00,15.20,96.64
 ,Rust,"Chromium",667.30,68,67.19,64.00,48755,14.87,14.30,15.20,96.72
 ,Rust,"Chromium",667.30,67,66.96,64.00,48822,14.97,14.10,15.90,96.80
 ,Rust,"Chromium",667.30,67,66.79,64.00,48889,15.04,14.30,18.40,96.01
 ,Rust,"Chromium",667.30,67,66.87,64.00,48956,14.98,14.30,15.20,96.09
 ,Rust,"Chromium",667.30,67,66.22,64.00,49023,15.00,14.20,15.30,96.17
 ,Rust,"Chromium",667.30,67,66.51,64.00,49090,15.06,14.20,15.30,96.25
 ,Rust,"Chromium",667.30,67,66.37,64.00,49156,15.04,14.20,15.20,96.33
 ,Rust,"Chromium",667.30,67,66.24,64.00,49224,15.06,14.40,15.40,96.41
 ,Rust,"Chromium",667.30,67,66.07,64.00,49291,15.12,14.40,15.30,96.49
 ,Rust,"Chromium",667.30,67,65.93,64.00,49358,15.15,14.30,15.50,96.57
 ,Rust,"Chromium",667.30,66,65.88,64.00,49424,15.16,14.50,15.50,96.65
 ,Rust,"Chromium",667.30,67,66.07,64.00,49491,15.10,14.40,15.30,96.73
 ,Rust,"Chromium",667.30,66,65.85,64.00,49557,15.17,14.30,15.40,96.81
 ,Rust,"Chromium",667.30,66,65.56,64.00,49623,15.21,14.50,15.50,96.89
 ,Rust,"Chromium",667.30,66,65.61,64.00,49689,15.23,14.50,15.60,96.05
 ,Rust,"Chromium",667.30,66,65.54,64.00,49755,15.28,14.50,15.50,96.13
 ,Rust,"Chromium",667.30,66,65.07,64.00,49821,15.31,14.70,15.70,96.21
 ,Rust,"Chromium",667.30,66,65.71,64.00,49887,15.28,14.40,15.70,96.29
 ,Rust,"Chromium",667.30,66,65.61,64.00,49953,15.24,14.50,15.50,96.37
 ,Rust,"Chromium",667.30,66,65.05,64.00,50019,15.30,14.60,15.50,96.45
 ,Rust,"Chromium",667.30,66,65.01,64.00,50085,15.37,14.90,15.70,96.53
 ,Rust,"Chromium",667.30,66,65.41,64.00,50151,15.34,14.70,16.50,96.61
 ,Rust,"Chromium",667.30,66,64.89,64.00,50217,15.35,14.80,15.60,96.69
 ,Rust,"Chromium",667.30,65,64.76,64.00,50282,15.40,14.60,15.70,96.77
 ,Rust,"Chromium",667.30,65,64.32,64.00,50347,15.50,14.70,17.20,96.84
 ,Rust,"Chromium",667.30,65,64.43,64.00,50412,15.51,15.20,16.10,96.06
 ,Rust,"Chromium",667.30,65,64.89,64.00,50477,15.58,14.80,19.10,96.14
 ,Rust,"Chromium",667.30,65,64.39,64.00,50542,15.50,15.20,15.80,96.22
 ,Rust,"Chromium",667.30,65,64.21,64.00,50607,15.56,15.30,16.10,96.30
 ,Rust,"Chromium",667.30,61,62.17,64.00,50668,16.52,15.20,55.90,99.89
 ,Rust,"Chromium",667.30,61,62.33,64.00,50729,16.65,15.50,20.70,99.97
 ,Rust,"Chromium",667.30,62,60.64,64.00,50791,16.28,15.60,17.70,100.04
 ,Rust,"Chromium",667.30,64,63.97,64.00,50855,15.74,15.40,19.10,100.12
 ,Rust,"Chromium",667.30,65,64.45,64.00,50920,15.52,15.20,15.90,100.20
 ,Rust,"Chromium",667.30,65,64.25,64.00,50985,15.54,14.70,15.90,100.27
 ,Rust,"Chromium",667.30,65,64.09,64.00,51050,15.55,15.30,15.80,100.35
 ,Rust,"Chromium",667.30,65,64.07,64.00,51115,15.61,15.40,15.90,100.43
 ,Rust,"Chromium",667.30,64,64.13,64.00,51179,15.63,15.40,15.90,100.51
 ,Rust,"Chromium",667.30,65,64.20,64.00,51244,15.58,15.30,15.80,100.58
 ,Rust,"Chromium",667.30,64,64.17,64.00,51308,15.64,15.40,16.00,100.66
 ,Rust,"Chromium",667.30,64,63.70,64.00,51372,15.66,15.40,15.90,100.74
 ,Rust,"Chromium",667.30,64,63.96,64.00,51436,15.67,15.50,15.90,100.81
 ,Rust,"Chromium",667.30,64,63.58,64.00,51500,15.66,15.40,16.00,99.91
 ,Rust,"Chromium",667.30,64,63.85,64.00,51564,15.67,15.50,15.90,99.98
 ,Rust,"Chromium",667.30,64,63.34,64.00,51628,15.74,15.50,16.00,100.06
 ,Rust,"Chromium",667.30,64,63.42,64.00,51692,15.78,15.50,16.30,100.14
 ,Rust,"Chromium",667.30,64,63.25,64.00,51756,15.81,15.50,16.50,100.21
 ,Rust,"Chromium",667.30,64,63.24,64.00,51820,15.80,15.50,16.20,100.29
 ,Rust,"Chromium",667.30,63,62.30,64.00,51883,16.02,15.70,18.90,100.37
 ,Rust,"Chromium",667.30,63,62.88,64.00,51946,15.90,15.70,16.20,100.44
 ,Rust,"Chromium",667.30,63,62.94,64.00,52009,15.93,15.70,16.30,100.52
 ,Rust,"Chromium",667.30,63,62.88,64.00,52072,15.93,15.70,16.20,100.59
 ,Rust,"Chromium",667.30,63,62.81,64.00,52135,15.94,15.70,16.40,100.67
 ,Rust,"Chromium",667.30,63,62.71,64.00,52198,15.94,15.70,16.40,100.74
 ,Rust,"Chromium",667.30,63,61.93,64.00,52261,16.05,15.90,16.50,100.82
 ,Rust,"Chromium",667.30,63,62.61,64.00,52324,16.00,15.80,16.50,99.93
 ,Rust,"Chromium",667.30,63,62.07,64.00,52387,16.08,15.80,16.50,100.01
 ,Rust,"Chromium",667.30,63,62.05,64.00,52450,16.11,15.90,16.70,100.08
 ,Rust,"Chromium",667.30,63,61.95,64.00,52513,16.13,15.90,16.50,100.16
 ,Rust,"Chromium",667.30,62,60.64,64.00,52575,16.21,15.90,17.50,100.23
performanceMetrics.js:106 ,Rust,"Chromium",667.30,63,61.73,64.00,52638,16.12,15.90,16.70,100.31
performanceMetrics.js:106 ,Rust,"Chromium",667.30,62,61.53,64.00,52700,16.24,15.90,16.90,100.38
performanceMetrics.js:106 ,Rust,"Chromium",667.30,62,61.01,64.00,52762,16.25,16.00,17.30,100.45
performanceMetrics.js:106 ,Rust,"Chromium",667.30,62,61.89,64.00,52824,16.19,15.90,17.10,100.53
performanceMetrics.js:106 ,Rust,"Chromium",667.30,62,61.89,64.00,52886,16.17,15.90,16.70,100.60
performanceMetrics.js:106 ,Rust,"Chromium",667.30,62,61.90,64.00,52948,16.15,15.90,16.60,100.68
performanceMetrics.js:106 ,Rust,"Chromium",667.30,62,61.77,64.00,53010,16.22,16.00,16.80,99.92
performanceMetrics.js:106 ,Rust,"Chromium",667.30,62,61.85,64.00,53072,16.23,16.00,16.80,99.99
performanceMetrics.js:106 ,Rust,"Chromium",667.30,62,61.52,64.00,53134,16.27,15.90,16.60,100.06
performanceMetrics.js:106 ,Rust,"Chromium",667.30,62,61.82,64.00,53196,16.25,16.00,17.70,100.14
performanceMetrics.js:106 ,Rust,"Chromium",667.30,62,61.52,64.00,53258,16.24,16.00,16.60,100.21
performanceMetrics.js:106 ,Rust,"Chromium",667.30,61,61.39,64.00,53319,16.49,16.10,23.90,104.05
performanceMetrics.js:106 ,Rust,"Chromium",667.30,62,61.31,64.00,53381,16.33,16.00,16.70,104.12
performanceMetrics.js:106 ,Rust,"Chromium",667.30,62,61.28,64.00,53443,16.34,16.00,16.80,104.20
performanceMetrics.js:106 ,Rust,"Chromium",667.30,62,61.24,64.00,53505,16.32,16.10,16.70,104.27
performanceMetrics.js:106 ,Rust,"Chromium",667.30,62,60.78,64.00,53567,16.39,16.20,16.80,104.35
performanceMetrics.js:106 ,Rust,"Chromium",667.30,62,61.27,64.00,53629,16.36,16.10,16.80,104.42
performanceMetrics.js:106 ,Rust,"Chromium",667.30,62,61.13,64.00,53691,16.39,16.00,17.10,104.50
performanceMetrics.js:106 ,Rust,"Chromium",667.30,61,60.62,64.00,53752,16.44,16.20,17.00,104.57
performanceMetrics.js:106 ,Rust,"Chromium",667.30,61,60.90,64.00,53813,16.46,16.20,16.90,104.64
performanceMetrics.js:106 ,Rust,"Chromium",667.30,61,60.52,64.00,53874,16.47,16.20,16.80,104.72
performanceMetrics.js:106 ,Rust,"Chromium",667.30,61,60.97,64.00,53935,16.45,16.20,16.90,104.79
performanceMetrics.js:106 ,Rust,"Chromium",667.30,61,60.72,64.00,53996,16.50,16.30,16.90,104.05
performanceMetrics.js:106 ,Rust,"Chromium",667.30,61,60.51,64.00,54057,16.52,16.30,17.10,104.12
performanceMetrics.js:106 ,Rust,"Chromium",667.30,61,60.57,64.00,54118,16.55,16.30,17.10,104.19
performanceMetrics.js:106 ,Rust,"Chromium",667.30,61,60.03,64.00,54179,16.56,16.30,17.10,104.26
performanceMetrics.js:106 ,Rust,"Chromium",667.30,60,59.64,64.00,54239,16.69,16.30,17.10,104.34
performanceMetrics.js:106 ,Rust,"Chromium",667.30,60,59.38,64.00,54299,16.74,16.40,19.10,104.41
performanceMetrics.js:106 ,Rust,"Chromium",667.30,60,59.55,64.00,54359,16.76,16.50,17.20,104.48
performanceMetrics.js:106 ,Rust,"Chromium",667.30,60,59.54,64.00,54419,16.95,16.60,19.80,104.55
performanceMetrics.js:106 ,Rust,"Chromium",667.30,60,59.55,64.00,54479,16.79,16.50,17.10,104.62
performanceMetrics.js:106 ,Rust,"Chromium",667.30,60,59.57,64.00,54539,16.82,16.60,17.30,104.70
performanceMetrics.js:106 ,Rust,"Chromium",667.30,60,59.24,64.00,54599,16.84,16.50,17.30,104.77
performanceMetrics.js:106 ,Rust,"Chromium",667.30,60,59.30,64.00,54659,16.87,16.60,17.30,104.84
performanceMetrics.js:106 ,Rust,"Chromium",667.30,60,58.86,64.00,54719,16.93,16.60,17.40,104.91
performanceMetrics.js:106 ,Rust,"Chromium",667.30,60,59.12,64.00,54779,16.93,16.70,17.50,104.06
performanceMetrics.js:106 ,Rust,"Chromium",667.30,59,59.04,64.00,54838,16.95,16.70,17.60,104.13
performanceMetrics.js:106 ,Rust,"Chromium",667.30,61,60.19,64.00,54839,16.62,16.40,17.60,104.20
performanceMetrics.js:106 ,Rust,"Chromium",667.30,60,59.71,64.00,54898,16.81,16.50,17.30,104.28
performanceMetrics.js:106 ,Rust,"Chromium",667.30,60,59.09,64.00,54958,16.88,16.60,17.80,104.35
performanceMetrics.js:106 ,Rust,"Chromium",667.30,60,59.38,64.00,55018,16.88,16.60,17.60,104.45
performanceMetrics.js:106 ,Rust,"Chromium",667.30,60,59.11,64.00,55078,16.93,16.70,17.50,104.52
performanceMetrics.js:106 ,Rust,"Chromium",667.30,60,59.30,64.00,55138,16.91,16.70,17.40,104.60
performanceMetrics.js:106 ,Rust,"Chromium",667.30,59,58.78,64.00,55197,16.95,16.70,17.60,104.68
performanceMetrics.js:106 ,Rust,"Chromium",667.30,60,60.06,64.00,55198,16.73,16.40,17.20,104.75
performanceMetrics.js:106 ,Rust,"Chromium",667.30,59,58.85,64.00,55256,16.97,16.70,17.40,104.82
performanceMetrics.js:106 ,Rust,"Chromium",667.30,60,59.84,64.00,55257,16.72,16.50,17.20,104.89
performanceMetrics.js:106 ,Rust,"Chromium",667.30,59,58.92,64.00,55315,16.99,16.70,17.60,104.96
performanceMetrics.js:106 ,Rust,"Chromium",667.30,60,60.01,64.00,55316,16.68,16.50,17.20,104.09
performanceMetrics.js:106 ,Rust,"Chromium",667.30,59,58.55,64.00,55374,17.02,16.70,18.10,104.16
performanceMetrics.js:106 ,Rust,"Chromium",667.30,60,59.70,64.00,55375,16.74,16.50,17.40,104.23
performanceMetrics.js:106 ,Rust,"Chromium",667.30,59,58.47,64.00,55433,17.04,16.70,17.50,104.30
performanceMetrics.js:106 ,Rust,"Chromium",667.30,60,59.75,64.00,55434,16.77,16.50,17.20,104.37
performanceMetrics.js:106 ,Rust,"Chromium",667.30,59,58.63,64.00,55492,17.02,16.70,17.60,104.44
performanceMetrics.js:106 ,Rust,"Chromium",667.30,60,59.68,64.00,55493,16.78,16.50,17.60,104.51
performanceMetrics.js:106 ,Rust,"Chromium",667.30,59,58.52,64.00,55551,17.05,16.70,17.60,104.58
performanceMetrics.js:106 ,Rust,"Chromium",667.30,60,59.57,64.00,55552,16.82,16.50,17.30,104.65
performanceMetrics.js:106 ,Rust,"Chromium",667.30,59,58.66,64.00,55610,17.01,16.80,17.40,104.72
performanceMetrics.js:106 ,Rust,"Chromium",667.30,60,59.70,64.00,55611,16.80,16.60,17.30,104.79
performanceMetrics.js:106 ,Rust,"Chromium",667.30,59,58.45,64.00,55669,17.09,16.80,17.50,104.07
performanceMetrics.js:106 ,Rust,"Chromium",667.30,60,59.24,64.00,55670,16.88,16.60,17.60,104.14
performanceMetrics.js:106 ,Rust,"Chromium",667.30,58,58.32,64.00,55727,17.34,16.90,24.40,108.35
performanceMetrics.js:106 ,Rust,"Chromium",667.30,60,59.37,64.00,55728,16.88,16.70,17.40,108.43
performanceMetrics.js:106 ,Rust,"Chromium",667.30,59,57.94,64.00,55786,17.18,16.90,17.60,108.50
performanceMetrics.js:106 ,Rust,"Chromium",667.30,60,59.13,64.00,55787,16.89,16.70,17.30,108.57
performanceMetrics.js:106 ,Rust,"Chromium",667.30,59,58.29,64.00,55845,17.18,16.90,17.70,108.64
performanceMetrics.js:106 ,Rust,"Chromium",667.30,60,59.54,64.00,55846,16.88,16.60,17.80,108.71
performanceMetrics.js:106 ,Rust,"Chromium",667.30,59,58.25,64.00,55904,17.11,16.90,17.60,108.78
performanceMetrics.js:106 ,Rust,"Chromium",667.30,60,59.10,64.00,55905,16.92,16.70,17.30,108.85
performanceMetrics.js:106 ,Rust,"Chromium",667.30,59,58.09,64.00,55963,17.17,16.90,17.60,108.92
performanceMetrics.js:106 ,Rust,"Chromium",667.30,59,58.97,64.00,55964,16.96,16.70,17.50,108.99
performanceMetrics.js:106 ,Rust,"Chromium",667.30,60,58.99,64.00,55964,16.92,16.70,17.40,109.06
performanceMetrics.js:106 ,Rust,"Chromium",667.30,59,58.01,64.00,56022,17.23,17.00,17.60,108.33
performanceMetrics.js:106 ,Rust,"Chromium",667.30,60,59.08,64.00,56023,16.94,16.70,17.60,108.40
performanceMetrics.js:106 ,Rust,"Chromium",667.30,59,58.01,64.00,56081,17.19,16.90,17.70,108.47
performanceMetrics.js:106 ,Rust,"Chromium",667.30,59,58.90,64.00,56082,17.00,16.80,17.50,108.54
performanceMetrics.js:106 ,Rust,"Chromium",667.30,59,59.06,64.00,56082,16.97,16.80,17.40,108.61
performanceMetrics.js:106 ,Rust,"Chromium",667.30,59,58.99,64.00,56082,16.95,16.80,17.50,108.68
performanceMetrics.js:106 ,Rust,"Chromium",667.30,60,59.09,64.00,56082,16.95,16.80,17.40,108.75
performanceMetrics.js:106 ,Rust,"Chromium",667.30,58,57.88,64.00,56139,17.32,17.10,17.90,108.82
performanceMetrics.js:106 ,Rust,"Chromium",667.30,59,58.73,64.00,56140,17.02,16.80,17.60,108.89
performanceMetrics.js:106 ,Rust,"Chromium",667.30,59,58.89,64.00,56140,16.99,16.80,17.50,108.96
performanceMetrics.js:106 ,Rust,"Chromium",667.30,59,58.88,64.00,56140,16.99,16.80,17.40,109.03
performanceMetrics.js:106 ,Rust,"Chromium",667.30,59,58.99,64.00,56140,16.98,16.70,17.40,109.10
performanceMetrics.js:106 ,Rust,"Chromium",667.30,59,58.92,64.00,56140,16.98,16.70,17.40,108.32
performanceMetrics.js:106 ,Rust,"Chromium",667.30,59,58.64,64.00,56140,17.02,16.80,17.60,108.39
performanceMetrics.js:106 ,Rust,"Chromium",667.30,60,58.23,64.00,56140,16.78,1.00,17.90,108.47
performanceMetrics.js:106 ,Rust,"Chromium",667.30,51,50.71,64.00,56189,22.46,0.30,247.50,109.83
performanceMetrics.js:106 ,Rust,"Chromium",667.30,20,20.57,64.00,56190,52.27,47.00,77.60,110.26
performanceMetrics.js:106 ,Rust,"Chromium",667.30,21,20.94,64.00,56190,48.27,47.10,51.60,110.29
performanceMetrics.js:106 ,Rust,"Chromium",667.30,21,20.11,64.00,56190,49.70,47.20,54.00,110.33
performanceMetrics.js:106 ,Rust,"Chromium",667.30,20,19.89,64.00,56190,50.51,47.00,57.90,109.49
performanceMetrics.js:106 ,Rust,"Chromium",667.30,22,21.18,64.00,56190,47.59,46.70,52.10,109.52
performanceMetrics.js:106 ,Rust,"Chromium",667.30,22,21.22,64.00,56190,47.31,46.70,48.90,109.56
performanceMetrics.js:106 ,Rust,"Chromium",667.30,22,21.09,64.00,56190,47.48,46.80,49.90,109.59
performanceMetrics.js:106 ,Rust,"Chromium",667.30,21,21.12,64.00,56190,47.69,46.90,53.90,109.62
performanceMetrics.js:106 ,Rust,"Chromium",667.30,22,21.20,64.00,56190,47.43,46.80,48.50,109.66
performanceMetrics.js:106 ,Rust,"Chromium",667.30,22,21.15,64.00,56190,47.42,46.90,48.70,109.69
performanceMetrics.js:106 ,Rust,"Chromium",667.30,22,21.13,64.00,56190,47.55,47.10,49.00,109.73
performanceMetrics.js:106 ,Rust,"Chromium",667.30,22,21.07,64.00,56190,47.54,47.10,49.40,109.76
